cluster_name,flights,pct_carrier,pct_weather,pct_nas,pct_late_aircraft,median_arr_delay,mean_arr_delay,pct_severe
Weather Disruption,97,0.005134582213486301,0.8483723484397673,0.09174367241508777,0.054749396931658596,81.0,120.04123711340206,0.6391752577319587
Carrier Operational Failure,614,0.8908776080253735,0.0006939059833498378,0.06743413761561223,0.04099434837566446,42.0,77.814332247557,0.36807817589576547
Cascading Late-Aircraft,850,0.07435618040226961,0.005085182302055658,0.0550569291753461,0.8613639695334327,50.5,76.12235294117647,0.4176470588235294
Air Traffic Congestion,558,0.056642353460449206,0.00620952481403149,0.8953576323407935,0.040469983819738084,30.0,48.736559139784944,0.22401433691756273
