cluster,n,anomaly_rate,mean_anomaly_score,high_delay_rate,mean_delay_rate,mean_cancel_rate
6,450,0.9955555555555555,0.5984984275637192,0.2288888888888889,0.15492607389152827,0.02488326905575252
5,1669,0.8082684242061114,0.5406081166675046,0.025763930497303775,0.03938092871793573,0.5586817753307695
2,7262,0.24098044615808317,0.3565354487202784,0.21426604241255853,0.14701828796341102,0.025046932551797213
7,5071,0.09366988759613488,0.3413599696196913,0.34115559061329126,0.17711146122316634,0.01908007416059433
0,28283,0.07888130679206591,0.22161987460551472,0.9863522257186296,0.3475639433148331,0.030158282915426812
3,28059,0.03161196051177875,0.1885575533190036,0.16083965928935456,0.1318737127952636,0.014740946774742138
4,42972,0.017290328586056038,0.16424371380420005,0.20282974960439357,0.13168532046237313,0.016108838524234868
1,57660,0.011949358307318764,0.11354938563193158,0.3552722858133888,0.17542123529157866,0.018627283195577812
